{"cameraMode":{"drawMode":0,"name":"Shaded","section":"Shading Mode"},"sceneLighting":false,"audioPlay":false,"sceneViewState":{"showFog":true,"showMaterialUpdate":false,"showSkybox":false,"showFlares":true,"showImageEffects":true,"showParticleSystems":true,"showVisualEffectGraphs":true,"m_FxEnabled":true},"in2DMode":false,"pivot":{"x":0.0007751211524009705,"y":0.0012976229190826417,"z":-2.2351741790771486e-8},"rotation":{"x":0.056891195476055148,"y":0.9429294466972351,"z":-0.22208529710769654,"w":0.24157656729221345},"size":0.13265615701675416,"orthographic":false}