{"cameraMode":{"drawMode":0,"name":"Shaded","section":"Shading Mode"},"sceneLighting":false,"audioPlay":false,"sceneViewState":{"showFog":true,"showMaterialUpdate":false,"showSkybox":false,"showFlares":true,"showImageEffects":true,"showParticleSystems":true,"showVisualEffectGraphs":true,"m_FxEnabled":true},"in2DMode":false,"pivot":{"x":-0.03798222541809082,"y":0.24582190811634065,"z":-0.3380424380302429},"rotation":{"x":-0.09868310391902924,"y":0.2667129933834076,"z":-0.026507893577218057,"w":-0.9588454365730286},"size":1.0566542148590088,"orthographic":false}