{"cameraMode":{"drawMode":0,"name":"Shaded","section":"Shading Mode"},"sceneLighting":false,"audioPlay":false,"sceneViewState":{"showFog":true,"showMaterialUpdate":false,"showSkybox":false,"showFlares":true,"showImageEffects":true,"showParticleSystems":true,"showVisualEffectGraphs":true,"m_FxEnabled":true},"in2DMode":false,"pivot":{"x":0.14523223042488099,"y":0.6968573331832886,"z":0.47585952281951907},"rotation":{"x":-0.010810170322656632,"y":0.9898470640182495,"z":-0.09559590369462967,"w":-0.10911209136247635},"size":0.8001057505607605,"orthographic":false}