{"cameraMode":{"drawMode":0,"name":"Shaded","section":"Shading Mode"},"sceneLighting":false,"audioPlay":false,"sceneViewState":{"showFog":true,"showMaterialUpdate":false,"showSkybox":false,"showFlares":true,"showImageEffects":true,"showParticleSystems":true,"showVisualEffectGraphs":true,"m_FxEnabled":true},"in2DMode":false,"pivot":{"x":0.04067285731434822,"y":-0.16910488903522492,"z":-0.9709963798522949},"rotation":{"x":0.000058461584558244795,"y":0.999243438243866,"z":-0.03930005431175232,"w":0.001801236066967249},"size":4.021624565124512,"orthographic":false}