{"cameraMode":{"drawMode":0,"name":"Shaded","section":"Shading Mode"},"sceneLighting":false,"audioPlay":false,"sceneViewState":{"showFog":true,"showMaterialUpdate":false,"showSkybox":false,"showFlares":true,"showImageEffects":true,"showParticleSystems":true,"showVisualEffectGraphs":true,"m_FxEnabled":true},"in2DMode":false,"pivot":{"x":-0.10768285393714905,"y":0.03487840294837952,"z":-0.05793515592813492},"rotation":{"x":-0.03416049852967262,"y":-0.7412770986557007,"z":-0.03784022852778435,"w":0.6692771911621094},"size":3.877135992050171,"orthographic":true}