{"cameraMode":{"drawMode":0,"name":"Shaded","section":"Shading Mode"},"sceneLighting":false,"audioPlay":false,"sceneViewState":{"showFog":true,"showMaterialUpdate":false,"showSkybox":false,"showFlares":true,"showImageEffects":true,"showParticleSystems":true,"showVisualEffectGraphs":true,"m_FxEnabled":true},"in2DMode":false,"pivot":{"x":0.0007751286029815674,"y":0.0012976229190826417,"z":-2.9802322387695315e-8},"rotation":{"x":0.07724834233522415,"y":-0.761021614074707,"z":0.08995766937732697,"w":0.6382740139961243},"size":2.106217622756958,"orthographic":false}