{"cameraMode":{"drawMode":0,"name":"Shaded","section":"Shading Mode"},"sceneLighting":false,"audioPlay":false,"sceneViewState":{"showFog":true,"showMaterialUpdate":false,"showSkybox":false,"showFlares":true,"showImageEffects":true,"showParticleSystems":true,"showVisualEffectGraphs":true,"m_FxEnabled":true},"in2DMode":false,"pivot":{"x":0.0007751211524009705,"y":0.0012976229190826417,"z":-2.2351741790771486e-8},"rotation":{"x":0.008063155226409436,"y":0.7097281217575073,"z":0.008480336517095566,"w":-0.7050153613090515},"size":0.1326560229063034,"orthographic":false}