{"cameraMode":{"drawMode":0,"name":"Shaded","section":"Shading Mode"},"sceneLighting":false,"audioPlay":false,"sceneViewState":{"showFog":true,"showMaterialUpdate":false,"showSkybox":false,"showFlares":true,"showImageEffects":true,"showParticleSystems":true,"showVisualEffectGraphs":true,"m_FxEnabled":true},"in2DMode":false,"pivot":{"x":-0.07057957351207733,"y":0.03207893669605255,"z":0.6163512468338013},"rotation":{"x":-0.0526185967028141,"y":0.7571791410446167,"z":-0.06146581470966339,"w":-0.6481884121894836},"size":1.2194663286209107,"orthographic":true}