{"cameraMode":{"drawMode":0,"name":"Shaded","section":"Shading Mode"},"sceneLighting":false,"audioPlay":false,"sceneViewState":{"showFog":true,"showMaterialUpdate":false,"showSkybox":false,"showFlares":true,"showImageEffects":true,"showParticleSystems":true,"showVisualEffectGraphs":true,"m_FxEnabled":true},"in2DMode":false,"pivot":{"x":2.842728614807129,"y":1.0857499837875367,"z":0.8848856687545776},"rotation":{"x":-0.0006651738076470792,"y":-0.9980173110961914,"z":0.016807114705443383,"w":-0.06663276255130768},"size":1.9596312046051026,"orthographic":false}