{"cameraMode":{"drawMode":0,"name":"Shaded","section":"Shading Mode"},"sceneLighting":false,"audioPlay":false,"sceneViewState":{"showFog":true,"showMaterialUpdate":false,"showSkybox":false,"showFlares":true,"showImageEffects":true,"showParticleSystems":true,"showVisualEffectGraphs":true,"m_FxEnabled":true},"in2DMode":false,"pivot":{"x":-3.8212082386016847,"y":6.829920291900635,"z":-4.425820350646973},"rotation":{"x":-0.010841475799679757,"y":0.01486914325505495,"z":0.001977087464183569,"w":-1.0003381967544556},"size":2.9660253524780275,"orthographic":false}